<?xml version="1.0" encoding="UTF-8"?>
<project-private xmlns="http://www.netbeans.org/ns/project-private/1">
    <editor-bookmarks xmlns="http://www.netbeans.org/ns/editor-bookmarks/2" lastBookmarkId="0"/>
    <open-files xmlns="http://www.netbeans.org/ns/projectui-open-files/2">
        <group>
            <file>file:/D:/Northeastern/Classes/AED/Java%20Project/INFO5100_Group71_FinalProject/src/ui/SystemAdminLoginJPanel.java</file>
            <file>file:/D:/Northeastern/Classes/AED/Java%20Project/INFO5100_Group71_FinalProject/src/Configuration/DisasterReliefNetwork1.java</file>
            <file>file:/D:/Northeastern/Classes/AED/Java%20Project/INFO5100_Group71_FinalProject/src/ui/SystemAdminJPanel.java</file>
            <file>file:/D:/Northeastern/Classes/AED/Java%20Project/INFO5100_Group71_FinalProject/src/ui/MainJFrame.java</file>
            <file>file:/D:/Northeastern/Classes/AED/Java%20Project/INFO5100_Group71_FinalProject/src/ui/CampManager/CampManagerJPanel.java</file>
            <file>file:/D:/Northeastern/Classes/AED/Java%20Project/INFO5100_Group71_FinalProject/src/ui/ReportJPanel.java</file>
            <file>file:/D:/Northeastern/Classes/AED/Java%20Project/INFO5100_Group71_FinalProject/src/model/SecurityResourceManager.java</file>
            <file>file:/D:/Northeastern/Classes/AED/Java%20Project/INFO5100_Group71_FinalProject/src/Configuration/ConfigueNetwork.java</file>
            <file>file:/D:/Northeastern/Classes/AED/Java%20Project/INFO5100_Group71_FinalProject/src/ui/SystemAdminCreateJPanel.java</file>
        </group>
    </open-files>
</project-private>
